Emp No.,Name,Date,Clock In 1,Clock Out 1,Clock In 2,Clock Out 2
MGR-1,Alice Manager,9/28/2026,7:55:00 AM,4:02:00 PM,,
MGR-1,Alice Manager,9/29/2026,7:58:00 AM,4:00:00 PM,,
MGR-1,Alice Manager,9/30/2026,8:20:00 AM,4:05:00 PM,,
MGR-1,Alice Manager,10/2/2026,7:59:00 AM,3:30:00 PM,,
CSH-1,Bob Cashier,9/28/2026,8:03:00 AM,4:00:00 PM,,
CSH-1,Bob Cashier,9/29/2026,8:00:00 AM,12:00:00 PM,12:30:00 PM,4:01:00 PM
CSH-1,Bob Cashier,9/30/2026,8:45:00 AM,4:00:00 PM,,
CSH-1,Bob Cashier,10/1/2026,8:00:00 AM,,,
CSH-1,Bob Cashier,10/2/2026,7:50:00 AM,4:10:00 PM,,
CSH-1,Bob Cashier,10/3/2026,8:12:00 AM,3:40:00 PM,,
CSH-2,Carol Cashier,9/28/2026,3:55:00 PM,11:05:00 PM,,
CSH-2,Carol Cashier,9/29/2026,4:30:00 PM,11:00:00 PM,,
CSH-2,Carol Cashier,9/30/2026,3:58:00 PM,1:15:00 AM,,
CSH-2,Carol Cashier,10/1/2026,,11:00:00 PM,,
CSH-2,Carol Cashier,10/2/2026,4:00:00 PM,10:00:00 PM,,
CSH-2,Carol Cashier,10/4/2026,8:00:00 AM,4:00:00 PM,,
STK-1,Frank Stocker,9/28/2026,8:00:00 AM,4:00:00 PM,,
STK-1,Frank Stocker,9/29/2026,9:00:00 AM,1:00:00 PM,,
STK-1,Frank Stocker,9/31/2026,8:00:00 AM,4:00:00 PM,,
STK-1,Frank Stocker,10/2/2026,8:06:00 AM,4:00:00 PM,,
STK-1,Frank Stocker,10/3/2026,5:55:00 AM,12:00:00 PM,,
CSH-3,Ethan Cashier,9/28/2026,9:00:00 AM,5:00:00 PM,,
